order_id,customer_id,restaurant_id,order_date,delivery_time,status,total_amount,payment_mode,discount_applied,feedback_rating
37d9404f-4e5a-4ab3-bcda-fb6c75a15049,e25c05c0-f195-4b34-bcee-79b7da3ac52a,ab078fb0-4ce6-41b4-91a4-3d69ff2b5044,2025-04-22 13:05:42,2025-04-15 00:42:27,Cancelled,312,Cash,70,2.0
dd360d0e-8e08-4ae1-bc21-267da1a8e7cc,ba560279-15a2-4c0b-8c21-c79df199ae85,d1c99cd8-da85-4e46-9a50-8a0d28071d64,2025-04-03 23:34:27,2025-04-01 01:54:13,Delivered,380,UPI,50,5.0
fbc327a8-051d-4d05-acc3-40f2d53f73a9,7ba1b522-5868-454d-86a8-8108e41d2ce0,fefa3b7c-49f3-43b7-af1b-c41c30fa62cf,2025-04-04 05:26:04,2025-04-20 21:24:56,Delivered,377,UPI,40,2.0
79b5f2db-d403-4ab5-8249-cf82cb8075e6,d32f7fba-a208-49f3-9f48-3915c14c858f,39524309-074d-4793-823b-8a251029b874,2025-04-04 02:17:56,2025-04-11 10:35:56,Cancelled,869,Credit Card,70,4.0
e812a72b-999d-48bd-9d70-d554da97bcfd,126a73a7-1d4a-4648-827f-c7a123e0d68c,320df057-37e6-43f3-a077-2ac92741deb1,2025-04-11 02:36:00,2025-04-09 13:02:28,Cancelled,688,Cash,60,2.0
8a1cce5d-4f01-4105-94b4-d3c64b51b8be,316b72f9-5600-4d51-8fe7-8df4b4747a07,66f9ed78-e213-4f6c-b33c-ffe63f605241,2025-04-15 18:09:17,2025-04-23 20:24:28,Delivered,286,UPI,30,2.0
176f27c3-0838-4f80-989d-f41b55aa5397,e161c1a1-e799-4937-85e6-535e9baba3f2,6e60e118-cca1-44b7-8204-06bad986b240,2025-04-07 06:57:02,2025-04-03 22:30:24,Cancelled,511,UPI,50,1.0
2a1a2f84-bf32-422a-86a3-fe2aecebb370,98a13275-5946-4764-9f5a-b77b530785b7,1a129ef5-8f22-4efe-b5e0-fadeb861001b,2025-04-08 05:22:35,2025-04-09 13:36:39,Pending,787,UPI,70,3.0
43439baf-ea6f-4f5c-8ef6-1614f0a37860,8f84f6d4-0970-4cec-ad80-0aaddce47192,e846fe08-2498-45a4-b253-c1130989e4e2,2025-04-18 01:31:47,2025-04-14 16:05:12,Pending,445,Credit Card,80,1.0
c9372b41-4f8f-47f5-94af-fc376fa5256d,4cf5b34c-a665-4df4-bcf1-a78f4a687d1d,1da81283-4911-460e-8000-116de2752ebb,2025-04-21 10:23:10,2025-04-20 00:05:33,Cancelled,585,Cash,80,4.0
be6527b9-3500-4f31-bb9d-a4d60f6ea783,a2f71cda-3652-4a2a-a593-2aee2513d0d3,32f927bc-356a-47cb-8227-ab97ead89fa9,2025-04-11 07:41:09,2025-04-09 13:41:05,Cancelled,806,UPI,70,3.0
6b7b5ddf-a0a8-4bd2-aee6-c38b2f7b521c,7a562245-cf28-40aa-bbfe-e64926f444d8,f9abfcb9-c5bb-412d-a947-54ef20bbc04c,2025-04-22 00:39:17,2025-04-16 01:50:45,Delivered,940,UPI,10,4.0
3988bd96-c9fb-4642-b31b-13feaaaec7a8,23cdb181-8641-49ce-b284-21c29f10a890,f26568a4-93cd-4522-9b36-4c803386f19a,2025-04-02 06:05:44,2025-04-04 13:03:45,Delivered,684,Credit Card,10,5.0
f2e18478-c938-45ef-aa4f-0c03d323d573,3e6c7729-1657-4cfe-bc06-7c0e111d06e4,ba992d56-757d-4501-a63d-48d9d2ca25cd,2025-04-12 12:22:56,2025-04-03 19:05:08,Cancelled,830,UPI,20,2.0
a3f243f0-d487-49f7-a764-02e47bb0d18b,c0b8672d-7ab6-4d2d-8596-71008990323c,f610b033-54f9-482a-a992-c28e9a046cf0,2025-04-18 12:09:44,2025-04-17 11:42:31,Pending,167,UPI,50,1.0
9f6742c3-9f31-4fc0-bdc0-2d9c0538d2e7,b3f0027c-d31c-42cd-b0c6-af80965d8363,044bc924-3ab7-4d17-aab1-9d4b040db586,2025-04-07 05:11:11,2025-04-07 21:09:10,Delivered,227,Credit Card,40,5.0
0459d5bf-29da-4ca6-8b52-f17680dac0c7,c52af73b-d6ff-4857-9ca6-bd1df2fe0514,54130466-a6af-4d66-a466-8b31e9722578,2025-04-03 22:26:08,2025-04-23 12:48:07,Delivered,680,UPI,70,5.0
84dfcb95-d1f2-48da-8115-c2fe8c3d6be4,b73df816-874c-4954-be18-d539265aebc6,e1fbec17-409e-4781-8cc8-cde3aa3cc2fd,2025-04-13 22:10:07,2025-04-11 02:01:39,Pending,703,UPI,80,5.0
fa06d9c6-0273-43bd-b9db-e8e9ff019c7b,328d8440-f263-4c23-b352-b475c9a60bf7,13f39bc9-68e2-44d1-ba52-aab29a367eda,2025-04-15 19:31:37,2025-04-01 19:51:32,Cancelled,292,UPI,20,4.0
5f06f8f6-d2bb-4539-a34b-fa6ab52a14a6,4454f511-c2c5-47f6-81bc-0a01266ffe88,e846fe08-2498-45a4-b253-c1130989e4e2,2025-04-02 00:28:03,2025-04-22 08:51:50,Pending,718,Credit Card,80,4.0
d68f1e5f-da34-4927-9d68-110411732a69,7ba1b522-5868-454d-86a8-8108e41d2ce0,64c855bc-74c3-4af5-b5ed-fab71de74785,2025-04-20 12:33:28,2025-04-25 18:32:56,Delivered,178,Cash,40,1.0
d4b61523-03f8-47e2-be40-d183997b5324,837646e0-c78f-4794-8e84-59c18cb9f662,2ccecb46-9246-4224-a912-999434b0ac5e,2025-04-08 08:14:17,2025-04-14 09:50:42,Pending,214,Credit Card,50,5.0
d5e170d6-71a6-4797-a736-688dca3dff32,ecbfd0d4-c45a-4bf1-ae41-91ec3c390ab5,32a370d2-1a37-46da-aa29-5af58b065dda,2025-04-22 05:27:45,2025-04-17 11:44:27,Cancelled,297,Credit Card,70,2.0
bc7b0db6-66e0-467d-aeed-75fd16c5c3a9,8ec2fccd-46cd-4a6c-975f-f56d3550738c,2c01a374-c904-437e-b716-2f8abbb89f7b,2025-04-11 18:50:15,2025-04-26 04:46:23,Cancelled,852,UPI,70,2.0
2c453617-2912-4384-9399-6753867ac94b,3c9a3589-63ac-428e-9d06-11abd148d951,40b37cba-a473-42a2-bbaf-41af39952672,2025-04-06 05:55:54,2025-04-16 01:45:37,Delivered,805,Credit Card,80,5.0
c8da5ce4-12ac-4024-9ff2-dcac8ed34834,064412fa-68f1-49c3-8141-61bb112f689c,cb8040a3-71be-48e7-b900-5eb5e85e9618,2025-04-18 11:20:36,2025-04-19 17:47:14,Pending,148,Cash,60,4.0
247f9565-f563-4b8b-a151-60e35fc5b330,89710711-811b-49f1-b54a-e3ee0b1e31ee,a1f04197-d07c-4343-b566-ab823f133338,2025-04-19 20:40:06,2025-04-22 18:41:05,Delivered,397,Credit Card,20,1.0
b00dbeb0-5673-4ff5-bdf8-ff88af10a0b4,de74112b-3bee-4b8a-9b67-6ca71d3f9ee9,06050757-8e54-4013-b415-987f231fb43e,2025-04-24 20:28:56,2025-04-08 16:55:37,Pending,737,UPI,30,5.0
9791017f-b496-4d04-81fd-72db436878ca,1bf5e903-b15a-465e-8926-cfd2fe0bf9f8,5d131ee7-b41d-4114-bc2b-cfcf248a8776,2025-04-18 08:39:42,2025-04-22 08:14:45,Delivered,585,Cash,10,2.0
14b5e978-f22f-4cfc-8fff-d89468b64172,cabf1adc-be14-45b4-a6e0-687392263d8a,f84bcaf8-56e1-4d56-91b6-6b5edac8fcc2,2025-04-12 05:13:23,2025-04-18 08:19:33,Pending,763,UPI,40,5.0
52bedc4b-86d5-467f-81e3-929dc29d2d0d,8ad357cd-7c00-4121-89ce-aa16b3adc42d,421a6865-4603-4f01-8940-f147dfaad8da,2025-04-06 21:08:44,2025-04-09 18:02:51,Cancelled,766,Credit Card,50,2.0
a1afcd88-f7f5-4a5f-ab0d-f224052014c1,c32e74f8-50aa-4c4e-8bd0-ac869ba8faa2,aad22b0d-c1d1-4578-afc0-08142b961104,2025-04-13 01:35:43,2025-04-08 07:52:51,Pending,232,Credit Card,20,1.0
436197af-7d66-4cf1-b01a-3bf7a26289ae,199ed61d-c2cf-4732-88e9-7a424a026bb3,cb344fcb-9261-4161-a7eb-52baeb4129a9,2025-04-11 02:44:54,2025-04-25 21:32:25,Pending,744,Credit Card,20,2.0
812bf37c-6ddc-4876-bbda-3864198f09ad,f9cd27f4-2413-425f-817a-53653000e204,8330c79a-104a-427d-b078-3fc8e43e6316,2025-04-10 03:55:40,2025-04-25 08:32:25,Delivered,708,UPI,20,4.0
a8f55189-7a88-47f5-b6fc-66f7b7341d9a,6ddd210f-3a49-420b-bedb-7c96d0b27965,64c855bc-74c3-4af5-b5ed-fab71de74785,2025-04-16 00:45:53,2025-04-06 10:00:59,Cancelled,591,UPI,30,3.0
a43eadb4-234e-4aa9-abc8-e50aa94026dc,cabf1adc-be14-45b4-a6e0-687392263d8a,18f62556-a71d-4a46-a417-e0bdba51fd49,2025-04-08 14:44:49,2025-04-11 22:36:30,Cancelled,504,Cash,70,3.0
f54d30ec-aa71-40a5-9db0-9568316062db,b5b83a8f-6ecb-4fd2-aec2-f62b8a17af0e,4aef6554-f976-479b-860a-3eeb6052f912,2025-04-23 10:29:55,2025-04-16 00:18:01,Delivered,490,UPI,70,5.0
ecbc2a0a-d46c-4c0e-a4b2-494d9273ffbc,cca978c9-97c8-4b23-aee2-9648da5ab1c0,4278b69b-0e7c-4bf3-855d-a04e4016209c,2025-04-14 17:47:29,2025-04-11 16:38:42,Delivered,996,Credit Card,20,4.0
80b5b35b-8b06-486b-9797-74485fadb49c,5c96ec67-9fa4-4595-a4f4-da071ff448ff,69470782-ef6a-48f2-91a7-4b2422fc7862,2025-04-15 15:06:53,2025-04-11 00:05:35,Delivered,561,Credit Card,20,4.0
fcb8bcd0-85db-4f60-acbd-ba597c5a77b3,b3e33ad5-6871-4f95-b9fc-f2241158bb04,217dca3f-9f0c-4d69-af14-189d55eddbfc,2025-04-16 10:57:36,2025-04-02 11:44:17,Pending,892,UPI,50,5.0
93c81f20-3ecd-4f3a-9481-aad5e716e0b8,316b72f9-5600-4d51-8fe7-8df4b4747a07,39524309-074d-4793-823b-8a251029b874,2025-04-15 19:27:57,2025-04-26 04:58:59,Pending,610,Credit Card,20,2.0
dd957f36-79ea-4919-9907-ec3c4972eee8,8ed0644e-581a-4d53-95d7-4e148491f64f,3c1160e5-d695-460e-849b-702669618eb7,2025-04-12 23:55:42,2025-04-10 08:31:39,Pending,945,Cash,30,4.0
98bf4596-23d4-4fe4-b19d-0e2d44844284,9ebeb9a1-dc2b-4326-9124-3be80f641181,5d131ee7-b41d-4114-bc2b-cfcf248a8776,2025-04-09 01:20:43,2025-04-11 02:59:08,Cancelled,339,Cash,60,2.0
66355680-6994-48eb-9bee-50c46cf40d30,9666f6af-d570-42b0-8dbc-8e9b0176789b,864b87ad-c079-416e-89b8-961e4bbf1330,2025-04-15 04:25:38,2025-04-19 05:39:52,Pending,850,UPI,30,2.0
0e379e9f-136d-47f4-9019-0a03599c35cc,2a9deaf9-fe5a-4e7c-8271-cdf56fdd03fd,69470782-ef6a-48f2-91a7-4b2422fc7862,2025-04-05 10:49:34,2025-04-23 17:28:49,Pending,624,Cash,30,1.0
40a2ec1c-774c-4008-b092-d56046f51272,76fa5011-d75d-4b36-ada5-e966eb7f7a9c,66f9ed78-e213-4f6c-b33c-ffe63f605241,2025-04-08 10:56:26,2025-04-01 09:30:01,Delivered,677,Cash,10,3.0
84625c51-e0cf-46be-8469-16ef0d99bffb,fe6125d0-a3a6-4293-9b22-680fb7b0fa0e,0b055754-d9cf-4d74-a26a-e0bdf4d0aa6b,2025-04-01 18:54:06,2025-04-11 05:45:25,Cancelled,105,Cash,10,1.0
fdb477d9-3ee2-4822-92d6-12afd9a1de0a,8c77102d-0e3f-48ec-bdda-871a5e843a12,a19d4dee-64f4-458b-ba11-5b966cfa89a7,2025-04-04 19:53:54,2025-04-01 14:44:26,Pending,393,UPI,20,3.0
a0e5abfc-4c90-4795-9c29-b59fa6fd1e55,f9cd27f4-2413-425f-817a-53653000e204,2d845c88-3863-4fdc-a6d2-0e22a7368747,2025-04-23 15:39:53,2025-04-24 11:19:43,Cancelled,896,Cash,50,3.0
d8f03e71-5d8c-4017-b088-9a159db942d7,aa132a03-6d00-4b57-9002-abd063ef6630,88a66f4d-6841-46ad-b208-6ce6fb398432,2025-04-24 10:27:48,2025-04-11 13:30:15,Pending,887,UPI,80,1.0
3b328c85-aab6-4c56-b8c3-1b6e905760e8,636a5623-2d65-4882-8622-3efd2e1fffca,cb344fcb-9261-4161-a7eb-52baeb4129a9,2025-04-18 16:10:30,2025-04-17 13:10:21,Delivered,216,UPI,70,3.0
cf936f52-20fc-4dc1-be93-000f7d8d3a24,1ef82342-d1c8-4895-badf-cb9774f690b6,1f990a1c-44e3-41cc-b6f3-c0642fdad135,2025-04-14 02:10:07,2025-04-09 11:28:21,Delivered,217,Credit Card,40,1.0
97373adb-48cd-4726-bc57-bd00384be3c8,3e17c41e-5973-47bb-9eb6-4b5eb4a2d5bd,759aa803-886b-4fc3-a310-23dadb896eed,2025-04-09 17:10:05,2025-04-18 17:08:51,Cancelled,345,Credit Card,60,3.0
aed5cd7b-76a6-40b5-a441-34b159b439e6,6faba398-6635-408d-a439-cd997a74da3d,a410053c-2f17-4383-8197-24ed8857af4d,2025-04-15 06:52:52,2025-04-16 11:01:44,Cancelled,368,Cash,40,1.0
664b7bcf-10b0-4584-bab1-60f2f74e5e1e,a2f68fd2-c012-49ce-a462-9d6c63e2e6f6,3900c0e2-3a26-46db-9bc0-a73c1598d167,2025-04-21 10:06:50,2025-04-21 03:46:06,Delivered,985,Cash,10,3.0
28a3e921-05ac-46fe-b3b5-0f855aedb376,00d6edb8-b10a-4c37-a74c-74090dcf9ae8,1f990a1c-44e3-41cc-b6f3-c0642fdad135,2025-04-17 09:55:24,2025-04-12 03:11:22,Pending,885,UPI,60,1.0
21f99ba9-12c6-4efe-baca-71179d94b5dd,d134c417-6289-4f8e-8b0c-4815f9fc2114,6699cab3-f565-4f14-beb3-8d64ca7c70a8,2025-04-11 13:40:44,2025-04-19 17:06:17,Delivered,931,Cash,50,5.0
861869a0-66ca-4bf3-b7eb-fcda7ce0d7f8,f9cd27f4-2413-425f-817a-53653000e204,42a88d07-f614-4be7-9e10-9f9b8ea32e82,2025-04-22 03:19:00,2025-04-09 01:10:55,Delivered,529,Cash,50,3.0
a460f85e-3053-4d43-9301-da00ed04ef9a,dd0a1ee8-6a3f-4f92-befb-77ebb4afef6a,ec17363d-c720-49c9-a1fc-84001a58f176,2025-04-03 08:59:53,2025-04-12 15:01:33,Delivered,777,Cash,20,5.0
1dece50b-0325-468a-a5a1-a873299974e0,35953355-fd69-4bab-92c1-c61eea868236,a16ec72e-e64f-45be-b208-91d7658a59ac,2025-04-03 04:19:01,2025-04-12 05:18:26,Pending,480,Credit Card,50,4.0
707a8a64-6cc2-4c87-9f69-f846dd945e13,e3d5ca5e-e5b8-4ba4-98e3-b6c86653189a,f0df7046-cbf7-4c8c-b7f3-5b56875b5b74,2025-04-11 12:12:21,2025-04-23 19:35:56,Delivered,585,Cash,20,5.0
de61b7a6-07a2-4b8b-b7eb-ef3f9927f52a,2a9deaf9-fe5a-4e7c-8271-cdf56fdd03fd,2c01a374-c904-437e-b716-2f8abbb89f7b,2025-04-15 21:03:30,2025-04-19 09:54:52,Delivered,657,UPI,30,4.0
1ff485bb-504e-416d-9732-156233ff6d1f,76ea5d2e-84de-47a8-a351-123c7798a957,864b87ad-c079-416e-89b8-961e4bbf1330,2025-04-10 01:13:32,2025-04-21 23:06:40,Delivered,132,Credit Card,10,2.0
610304ac-e1fa-40ae-bd16-8fef34b1dd2f,204cab8f-b2d5-4482-a7e0-157486670d5d,7d90cc1d-13b8-4a9e-ae38-ccccccc69e37,2025-04-03 18:27:47,2025-04-10 07:30:13,Cancelled,704,UPI,20,1.0
1e8d73ec-c7f1-47a3-8e1c-c62b47939f6d,d8b86c5a-9c8a-4215-befd-173a04b58dc8,32f927bc-356a-47cb-8227-ab97ead89fa9,2025-04-16 06:01:37,2025-04-17 20:07:07,Cancelled,378,UPI,40,3.0
f9eb86d1-c7cc-4946-892f-76792befe7b2,32552ecc-5513-4824-b456-97e237ca5d2b,ac6f81a3-2cc4-48d0-befb-3e7464ca1496,2025-04-20 15:30:00,2025-04-10 18:58:43,Pending,814,UPI,40,2.0
f6815aa0-5df4-4fca-9a83-2261ff093731,37a74b38-31a7-498a-96e4-63086e46a79f,4afdc9f3-9b1d-4500-a457-2948f6754378,2025-04-26 08:08:10,2025-04-10 22:52:59,Cancelled,513,Cash,10,5.0
69dc4cd3-bf00-4317-be38-ccea4bd8b178,786e56f6-04f7-4019-9ca4-3e71f6745f0e,3e2ac063-130c-43e1-ba26-60c5818ad819,2025-04-17 06:57:21,2025-04-20 15:13:07,Delivered,533,Credit Card,10,5.0
4031262b-ced9-4f66-beec-3a9fd40e93bd,cebd9ff1-5cfe-4d67-a466-c86e92c5ddbd,1a129ef5-8f22-4efe-b5e0-fadeb861001b,2025-04-02 12:16:12,2025-04-23 18:13:49,Cancelled,528,UPI,60,4.0
aa61574b-7429-4039-899a-4edfec785bb4,573b78e8-f89b-46ac-8cbd-7b8302fb0500,5d4b0393-aa9b-4427-b2ac-b5ba4f5cd056,2025-04-16 07:24:35,2025-04-24 19:01:03,Pending,754,Cash,50,4.0
3761a8d0-9bdc-40e5-ad00-85168f63556e,1aba79ad-6f02-4aa8-853a-9a6c821d3a6a,11b411bb-5fb3-40b7-9a41-dc14e86a8ecf,2025-04-12 15:07:55,2025-04-19 05:23:38,Delivered,433,Cash,20,3.0
71893227-aae5-46d4-9df5-a3bf1a22469f,6661a3b5-8f47-4653-bf8c-36c36d4e0e91,2619b6e7-cf99-40b7-97de-ce14a2706a2e,2025-04-26 06:07:51,2025-04-24 09:43:15,Pending,296,UPI,10,2.0
903ff022-3087-4b19-ad7f-031fedb3a945,c333699e-8dbc-49ed-beee-45147a3dc674,6644ef33-fb6a-4596-a417-e07bf4a8135b,2025-04-22 03:55:07,2025-04-16 00:13:27,Cancelled,854,UPI,20,5.0
c6fc3f2d-750a-42d8-8e0b-6213071827d2,c7390d1c-2119-4081-b26c-462a372f4c07,f89eaeb0-8456-4e1e-aaea-ff94a90be36f,2025-04-06 00:56:55,2025-04-15 09:39:36,Delivered,647,Cash,10,3.0
482a1793-c68e-4ea8-8c6e-cb4d9c87a739,76ea5d2e-84de-47a8-a351-123c7798a957,6a8614b7-e15d-4990-9a7d-5a1ae0f3bc56,2025-04-23 16:54:17,2025-04-09 03:38:32,Delivered,144,UPI,50,2.0
c909069e-2402-4a36-9b12-3a0349ee4aa5,6c76df6b-454e-4c9a-9c4d-7845a967bd86,4b6640d8-382c-4873-9b3a-778b00020eea,2025-04-22 07:12:25,2025-04-02 09:36:07,Pending,329,Cash,60,3.0
63c5fc4e-dbb1-4bc0-b26f-8b5f175eef8e,2649f47d-3783-4892-9e22-fb8ad26650c8,41341341-d344-4a27-876e-85a02172b360,2025-04-15 17:11:30,2025-04-11 07:47:55,Pending,237,Cash,50,5.0
58019808-f11d-4ee4-b11d-498b6d2d0d21,37a74b38-31a7-498a-96e4-63086e46a79f,23c74669-654e-4718-addb-b00b046f4daa,2025-04-25 16:53:54,2025-04-23 11:02:10,Cancelled,924,Cash,70,3.0
9d0ce40e-b3ed-410b-970c-fadb37feada8,3a1395bc-e383-40fc-8902-f16d10d47606,39524309-074d-4793-823b-8a251029b874,2025-04-24 16:36:38,2025-04-12 11:53:37,Delivered,825,Credit Card,60,4.0
bc4b33b8-0680-4a8b-bae3-9a5b4c5966f6,f45315f3-503a-4fed-a4d3-2a16d0442c2a,20281c2d-1cb9-441c-9105-413363f7d796,2025-04-01 13:45:28,2025-04-16 11:55:21,Cancelled,204,UPI,50,1.0
028f983f-db60-46fe-9b7d-a6cd33c3240c,d32f7fba-a208-49f3-9f48-3915c14c858f,4c302946-5283-4629-8947-a205b724842f,2025-04-14 00:32:26,2025-04-08 20:58:21,Pending,287,UPI,40,4.0
2fcd4e9a-8301-4724-84cd-2458462569c2,23cdb181-8641-49ce-b284-21c29f10a890,044bc924-3ab7-4d17-aab1-9d4b040db586,2025-04-09 05:01:38,2025-04-12 16:35:47,Cancelled,515,Cash,10,3.0
cc3dcce9-6918-418d-858e-94cbb258d829,dd0a1ee8-6a3f-4f92-befb-77ebb4afef6a,695a2772-c322-42d7-af02-c6f227c26fa1,2025-04-01 09:57:29,2025-04-06 20:45:41,Cancelled,963,Credit Card,20,5.0
a638e525-30b0-4dc8-9a79-3f4ccafb3451,89710711-811b-49f1-b54a-e3ee0b1e31ee,f84bcaf8-56e1-4d56-91b6-6b5edac8fcc2,2025-04-15 21:28:28,2025-04-22 17:50:34,Delivered,906,Credit Card,50,2.0
b066df41-dc7b-4c6a-a31e-06862c31f8c0,290041b0-b64b-40ba-bf5a-30da40805af2,c4899a5b-b0e5-4624-be07-7efe631c4545,2025-04-22 05:56:43,2025-04-09 21:10:32,Cancelled,848,UPI,20,5.0
7295fcdb-782f-4e35-908c-2689999ef83d,ecbd8d10-99f7-4e12-9346-57f4751644ed,831ebe01-bedb-42dc-8c31-062f14acc008,2025-04-23 05:59:11,2025-04-24 06:30:14,Cancelled,428,Credit Card,40,5.0
5ad8ca9b-4c0d-43b8-8ca6-b81ef1a5b665,c52af73b-d6ff-4857-9ca6-bd1df2fe0514,f0df7046-cbf7-4c8c-b7f3-5b56875b5b74,2025-04-13 03:07:34,2025-04-04 07:17:39,Delivered,890,Cash,60,5.0
bedc1642-7e4f-4ea3-a4ff-df037ed4ac0c,a2f68fd2-c012-49ce-a462-9d6c63e2e6f6,32a370d2-1a37-46da-aa29-5af58b065dda,2025-04-26 00:44:01,2025-04-09 19:23:58,Cancelled,645,UPI,30,4.0
ddb88ec6-8303-417a-92ce-da95f2385998,d6086355-b1a2-46be-bc37-0ca5efd3aded,b0801f70-e958-40a7-b5bb-2e021f3f6734,2025-04-01 23:01:03,2025-04-07 22:49:53,Pending,311,Cash,80,3.0
ae6afbf8-0ce8-4a9d-b3ab-264c301b4fbc,c94523d4-2716-4d87-a989-6823e9216ff7,d8f559b3-8ec0-4717-b04a-c77dd285fcdc,2025-04-25 15:03:27,2025-04-16 22:54:07,Delivered,733,Cash,70,5.0
5431ff22-6659-42e1-8b56-db0f71228e23,9943468d-7650-4afb-b02f-4471eea93aa7,71646173-c0dd-42cf-93e6-cd5b67868395,2025-04-13 12:30:56,2025-04-19 12:14:47,Delivered,566,UPI,40,3.0
f09684c0-5359-4370-a6bd-0a4b394a39f2,33c00e4d-f7c0-471d-8a44-7410704a38ea,9c1a960c-77b6-4f65-b55f-16aee822aba2,2025-04-08 06:42:56,2025-04-23 05:40:33,Delivered,748,Cash,20,1.0
b683cb21-f9af-4557-94e9-1db5344fa411,69ba2c34-cc5b-42e1-825c-05396181f293,cb344fcb-9261-4161-a7eb-52baeb4129a9,2025-04-02 03:05:57,2025-04-26 03:12:17,Cancelled,858,UPI,20,5.0
742631b3-d49a-4d14-b574-dd3af5d856f1,636a5623-2d65-4882-8622-3efd2e1fffca,3c1160e5-d695-460e-849b-702669618eb7,2025-04-22 11:25:59,2025-04-03 20:59:23,Delivered,628,Credit Card,50,4.0
e2455801-6d6d-41ff-9ac1-3b722a410027,6c76df6b-454e-4c9a-9c4d-7845a967bd86,be3e37e3-e83e-49ac-8a40-d521a0ea01cb,2025-04-18 22:43:44,2025-04-24 00:14:38,Cancelled,446,Credit Card,10,4.0
0895e1ae-312f-4b04-9f61-82593a10899a,de74112b-3bee-4b8a-9b67-6ca71d3f9ee9,365ca42d-a6d2-467a-ba49-02964860e238,2025-04-18 00:31:52,2025-04-04 17:41:04,Delivered,780,UPI,40,3.0
1a760b75-6395-4b86-8d3a-0e5fa5508406,606d65e2-4ec2-4498-b31e-38b28af98146,4278b69b-0e7c-4bf3-855d-a04e4016209c,2025-04-02 06:08:57,2025-04-19 01:15:37,Delivered,321,Cash,30,2.0
3b96a2b6-1734-42e2-b103-7661686d2f92,3e17c41e-5973-47bb-9eb6-4b5eb4a2d5bd,aad22b0d-c1d1-4578-afc0-08142b961104,2025-04-24 19:04:12,2025-04-01 05:41:41,Delivered,304,Credit Card,40,1.0
7d1ad9b7-f65b-43cf-8fb6-ee8043d2fb64,94a7e07e-8235-4a66-8688-9b9aeb44c08b,a16ec72e-e64f-45be-b208-91d7658a59ac,2025-04-20 04:01:11,2025-04-10 18:05:23,Cancelled,676,Credit Card,60,1.0
6f9e926e-4608-45aa-8448-f4e730db6258,ecbfd0d4-c45a-4bf1-ae41-91ec3c390ab5,3900c0e2-3a26-46db-9bc0-a73c1598d167,2025-04-21 08:53:50,2025-04-19 14:53:12,Cancelled,461,Credit Card,50,2.0
67fc2ea5-e35b-4957-90e7-925a1a3bee14,abe18170-e5c9-48aa-b9ba-fa295ae2ef27,54130466-a6af-4d66-a466-8b31e9722578,2025-04-25 02:52:04,2025-04-11 18:29:30,Cancelled,572,UPI,10,4.0
d8eeeb31-4469-4e4f-b7cd-1b019aec7129,35953355-fd69-4bab-92c1-c61eea868236,cb344fcb-9261-4161-a7eb-52baeb4129a9,2025-04-25 08:09:07,2025-04-23 23:53:03,Cancelled,647,UPI,60,2.0
0c53a5fa-e866-4c56-9260-c6e2dbd88226,e25c05c0-f195-4b34-bcee-79b7da3ac52a,fae0a7c7-2ccb-4b2d-b4ac-f9fb3d1ff134,2025-04-10 01:05:50,2025-04-04 21:05:18,Cancelled,460,Credit Card,30,5.0
bdf5af7c-ad4d-4ad2-8f7b-17566f4b94f1,7d6070cd-290f-425d-bbe2-915b2852825d,4c302946-5283-4629-8947-a205b724842f,2025-04-14 22:33:51,2025-04-13 23:35:58,Delivered,378,UPI,40,5.0
7bc7ead5-2780-437a-a683-8714f10fb147,3e17c41e-5973-47bb-9eb6-4b5eb4a2d5bd,1692c490-ad29-41cf-a05b-0a1d8214d9ec,2025-04-14 03:23:31,2025-04-14 09:08:36,Pending,856,Credit Card,20,2.0
518b77f7-b854-4c13-a4f5-45d35276bf17,49e6dcac-234c-474f-8591-2bc77610825e,43976cbe-78fe-480e-91ad-7d45b3f62cfa,2025-04-10 06:53:34,2025-04-09 01:01:21,Cancelled,218,Cash,20,4.0
e76e5913-cb57-4453-a9bc-855869549150,4b1a3f40-2dec-413e-9c8b-925815087843,32a370d2-1a37-46da-aa29-5af58b065dda,2025-04-06 11:06:08,2025-04-17 16:34:14,Delivered,430,Credit Card,50,5.0
d4bde54f-2816-4294-a835-d7cb50e4ddfb,8c3bce14-4d83-498a-91d1-5266f25f6a8e,64faf3a1-16c8-4d97-9ddc-0bf1c935d6bf,2025-04-23 02:23:18,2025-04-10 19:24:00,Pending,372,UPI,80,1.0
ad0b4513-b78b-4096-b1ff-11c8b34bc637,5e89a3f5-1901-4c6f-a878-0f1120b6bd37,d1c99cd8-da85-4e46-9a50-8a0d28071d64,2025-04-18 08:47:38,2025-04-23 05:32:28,Cancelled,824,UPI,40,1.0
02d9fc02-e1ef-440c-a6d3-c1cf08d43233,1e1ddbc1-056c-41f2-ae86-ef856c520d5c,875defb9-e5d5-42f0-b123-49534f424298,2025-04-07 23:23:08,2025-04-24 20:27:30,Cancelled,170,Credit Card,10,1.0
0c2e7ff7-9a12-4bbf-abab-0d0648c19c27,ebd3f7ae-7b5f-473e-b46d-52b08cc4f930,b56e89e5-ddfc-4a16-8d6d-9245b8145013,2025-04-20 22:03:47,2025-04-07 10:24:02,Cancelled,441,Cash,20,2.0
da5554e3-3cbf-48f5-a484-7a85a9e76f9b,e68ed766-8969-4454-92c5-fbdf342cf01f,13b3c83c-9414-4640-a1e8-4e56b4f97893,2025-04-18 02:50:36,2025-04-15 18:31:45,Cancelled,954,UPI,20,2.0
da4b964a-548b-4859-a67a-a22742bd96f9,672b9288-6f68-4151-9b9f-cd327e0bb022,695a2772-c322-42d7-af02-c6f227c26fa1,2025-04-24 03:28:02,2025-04-11 14:35:55,Cancelled,640,UPI,60,2.0
f5e3f6cf-1e76-49ba-91b2-ba46ed79db4f,cebd9ff1-5cfe-4d67-a466-c86e92c5ddbd,b0801f70-e958-40a7-b5bb-2e021f3f6734,2025-04-20 18:08:35,2025-04-07 00:36:27,Delivered,458,Cash,10,1.0
a0032301-dd1d-4faf-879a-4ba97a958dca,dc5da040-e0a0-4353-8251-9d0bd440c83c,2a5e85db-0f62-4c29-96c5-9f651d2bf62b,2025-04-25 01:27:38,2025-04-02 06:14:07,Pending,874,Cash,20,5.0
7bc732b9-a11a-4735-a63a-4269d6e3e041,94a7e07e-8235-4a66-8688-9b9aeb44c08b,6c8b8e9f-3909-4251-8253-32f808176a31,2025-04-21 01:30:47,2025-04-18 01:56:48,Pending,495,UPI,60,2.0
3de04e72-2d3b-4104-be70-ca14fe02084e,8f84f6d4-0970-4cec-ad80-0aaddce47192,a29aa1a3-870e-4700-8237-4a21a294295b,2025-04-20 20:12:53,2025-04-19 08:37:43,Pending,705,Credit Card,50,1.0
015ad975-046e-4376-8969-568d15d721b9,2e7ad1c2-4c64-4ca6-9727-5c2a2f6a29a9,29a1b83b-4975-440b-8433-ce7b787d7bf9,2025-04-05 13:28:57,2025-04-20 08:46:37,Delivered,996,Credit Card,50,5.0
129f1662-0c9b-4558-bed3-548474382659,aa132a03-6d00-4b57-9002-abd063ef6630,421a6865-4603-4f01-8940-f147dfaad8da,2025-04-20 18:54:27,2025-04-09 19:41:35,Pending,552,UPI,10,2.0
db82e46e-9277-49e7-ac15-547283cbb901,28ac1d63-d293-4a8a-926e-137ef6c444c3,2a5e85db-0f62-4c29-96c5-9f651d2bf62b,2025-04-08 11:17:26,2025-04-16 04:07:20,Cancelled,385,Cash,70,1.0
d5b0924a-db70-4be5-bb22-49cc00516b6b,32552ecc-5513-4824-b456-97e237ca5d2b,7b0d05ab-371c-4b78-b364-9894d7a3c786,2025-04-04 05:15:48,2025-04-26 05:01:37,Pending,227,Cash,30,1.0
8ad103b6-ff1c-41b0-b164-1b2afac7ff06,bd03a349-09b2-42d5-b8d9-8ac21eec7ac5,4aef6554-f976-479b-860a-3eeb6052f912,2025-04-17 19:44:27,2025-04-03 00:30:01,Delivered,542,Credit Card,70,5.0
14601a53-ed90-47fa-a6b7-6825ffa39a9f,cfd49550-9d9d-4306-aab0-8f949961e839,d8f559b3-8ec0-4717-b04a-c77dd285fcdc,2025-04-09 11:44:25,2025-04-05 06:34:38,Pending,612,Cash,80,5.0
2ce1b21d-ea65-4161-b759-6ef3d2ad7ed2,ece06cb8-c90b-4038-bdcc-c28835b531b3,84558ff4-7a95-40cc-9726-5b39fa35294c,2025-04-05 11:26:43,2025-04-09 12:46:40,Cancelled,406,Credit Card,80,2.0
98f5770d-2749-4246-99a8-56d55cf1f73f,3c9a3589-63ac-428e-9d06-11abd148d951,6e60e118-cca1-44b7-8204-06bad986b240,2025-04-03 01:12:53,2025-04-09 13:56:43,Delivered,190,Cash,60,5.0
a6b0ebed-87df-4757-95cb-074f4658bf10,abe18170-e5c9-48aa-b9ba-fa295ae2ef27,9d90d44a-509b-4df1-ae04-196dfc5365fb,2025-04-17 04:22:11,2025-04-09 02:40:15,Pending,540,Credit Card,10,2.0
ff30a201-deee-474c-84dd-249d29eac950,fa110c2e-7a44-438b-8756-dde746485835,a29aa1a3-870e-4700-8237-4a21a294295b,2025-04-14 17:19:38,2025-04-15 03:50:34,Pending,200,Cash,80,4.0
163d158c-4e13-4f99-935c-3aacdcc4458f,8ad357cd-7c00-4121-89ce-aa16b3adc42d,24ca12d4-1077-4faa-827c-6c2eac554b38,2025-04-23 16:54:33,2025-04-03 16:50:51,Cancelled,514,UPI,80,1.0
3cb66c89-3f28-4db3-8f6e-de4c0ce23898,c68b3eaa-41c2-4da5-81b7-f74e10744299,46dd03e3-230c-464e-a7d1-8916190f5713,2025-04-21 01:25:35,2025-04-12 13:43:39,Delivered,572,UPI,60,5.0
1b8d936c-c908-4b02-82bf-43a826f4152b,eb02f73c-c5db-4ed9-a030-1662a75b6b9d,a4b6ac12-0c7a-483f-ae69-f50562c204b2,2025-04-14 15:21:07,2025-04-16 23:40:50,Delivered,243,Cash,20,4.0
1b0913c7-3088-45bc-9210-ef2893cdee35,c68b3eaa-41c2-4da5-81b7-f74e10744299,044bc924-3ab7-4d17-aab1-9d4b040db586,2025-04-15 20:13:05,2025-04-22 21:39:31,Cancelled,795,Credit Card,80,4.0
b5fc70c1-df58-4727-8f2f-498d6459f22b,1c44b4ab-03af-4836-82fe-0fb917d52288,f6b457f5-ea8f-44c5-a939-ae42048e7a11,2025-04-06 17:58:25,2025-04-21 15:06:31,Cancelled,813,Credit Card,40,1.0
7d593690-9483-462d-a3c1-265d9c20825a,de07d8eb-8f63-43e1-8439-3c0c12d23480,6c8b8e9f-3909-4251-8253-32f808176a31,2025-04-04 18:52:31,2025-04-15 19:41:09,Delivered,968,Cash,60,4.0
36ea50aa-950e-4a51-a05d-2e9c96a884d8,b58a2ac3-94f7-4b6c-abef-474f19ae5fb0,32ab090d-4ac7-4bff-a76f-4837c28e00e4,2025-04-20 12:27:34,2025-04-18 01:10:35,Delivered,755,Cash,70,2.0
15839668-39ff-4c97-ba53-243e36c4e952,5e89a3f5-1901-4c6f-a878-0f1120b6bd37,dc0dfd0f-ac69-46d1-9696-195cdf641674,2025-04-26 03:18:25,2025-04-05 22:18:26,Cancelled,179,Credit Card,70,4.0
03a28f66-dc1d-441f-8150-97c0096f138f,606d65e2-4ec2-4498-b31e-38b28af98146,2c01a374-c904-437e-b716-2f8abbb89f7b,2025-04-15 20:09:43,2025-04-01 15:19:48,Cancelled,199,Cash,10,1.0
e8d614ec-d475-42e4-9583-96c12f7c6e16,80bf0afc-9c7c-45ff-8536-0bbd6d6a8654,3900c0e2-3a26-46db-9bc0-a73c1598d167,2025-04-19 01:19:51,2025-04-02 17:39:29,Pending,799,UPI,60,3.0
ad32a77a-72e0-4f72-83ed-7362ae0b8f8f,ecbfd0d4-c45a-4bf1-ae41-91ec3c390ab5,6644ef33-fb6a-4596-a417-e07bf4a8135b,2025-04-02 04:21:55,2025-04-25 02:23:05,Cancelled,534,Cash,60,2.0
1581e75f-9190-48c2-be48-134ec0b8d2c2,ece06cb8-c90b-4038-bdcc-c28835b531b3,4b6640d8-382c-4873-9b3a-778b00020eea,2025-04-06 01:30:38,2025-04-05 12:34:50,Delivered,567,Cash,20,3.0
b93c0702-6cae-4e2f-8ec2-09aadb15089a,d03b96e0-5062-4ae7-bd9c-b10f978b23f5,0b055754-d9cf-4d74-a26a-e0bdf4d0aa6b,2025-04-06 00:47:16,2025-04-05 09:51:05,Cancelled,345,Credit Card,40,2.0
b9358b42-585b-4579-a55b-6b71ddabfeac,6661a3b5-8f47-4653-bf8c-36c36d4e0e91,23c74669-654e-4718-addb-b00b046f4daa,2025-04-07 19:39:56,2025-04-08 04:24:43,Pending,100,Cash,40,5.0
b33d421d-19dc-4a7f-9b87-b06529bbf2a9,0b015202-4b1e-4018-89b4-ef130203a5cd,875defb9-e5d5-42f0-b123-49534f424298,2025-04-10 03:35:38,2025-04-25 21:23:09,Pending,609,Credit Card,40,2.0
8f0cda74-e765-422e-a69f-cc1e8d3ee8c6,14599958-aa32-45de-b221-f58209a896f0,3561908b-d768-4650-9451-0ca821cfd644,2025-04-17 10:27:12,2025-04-13 03:57:22,Delivered,443,UPI,40,3.0
ab6e97f9-8a8b-4bf5-ae9e-23d2d8319048,4b1a3f40-2dec-413e-9c8b-925815087843,71646173-c0dd-42cf-93e6-cd5b67868395,2025-04-10 18:35:05,2025-04-20 06:11:53,Delivered,364,UPI,30,2.0
038348a9-89fd-4d7f-a5d2-b2a922bef14e,06452f85-1622-4df2-880a-84ae3f916370,b0801f70-e958-40a7-b5bb-2e021f3f6734,2025-04-17 01:08:15,2025-04-04 17:44:19,Cancelled,932,Cash,70,2.0
172022fb-71e8-456a-b1a8-b50d8e63ba1b,35a61a86-8fd8-445d-8d56-92ba2d8abb35,01128bbd-65f2-4f68-b991-0098499139a9,2025-04-13 17:28:25,2025-04-10 04:32:19,Pending,545,UPI,30,1.0
3368c40d-cca2-46fe-950b-cf069f78faef,6c76df6b-454e-4c9a-9c4d-7845a967bd86,f84bcaf8-56e1-4d56-91b6-6b5edac8fcc2,2025-04-01 07:18:25,2025-04-07 07:48:27,Delivered,921,UPI,30,1.0
243e8f4e-2195-4c86-9a9d-9cd6eb829c40,b3f0027c-d31c-42cd-b0c6-af80965d8363,421a6865-4603-4f01-8940-f147dfaad8da,2025-04-15 02:48:15,2025-04-10 09:30:45,Delivered,314,Cash,70,4.0
018862dc-2cfc-41d9-8ab6-af8fd6823e6a,ecbd8d10-99f7-4e12-9346-57f4751644ed,8eda594e-76c9-4adf-a93d-d7130942b66e,2025-04-01 09:56:46,2025-04-25 05:48:41,Cancelled,333,Credit Card,60,4.0
decd7103-ad9f-4299-a4b6-27aecb9086ee,cebd9ff1-5cfe-4d67-a466-c86e92c5ddbd,76542abe-1e8d-40ae-92be-a748190bf27d,2025-04-21 19:05:19,2025-04-13 06:23:34,Cancelled,934,UPI,80,3.0
3c7e4b5d-d391-485e-8943-0e1c80b11e2d,b58a2ac3-94f7-4b6c-abef-474f19ae5fb0,5d131ee7-b41d-4114-bc2b-cfcf248a8776,2025-04-26 00:41:16,2025-04-09 18:15:17,Pending,319,UPI,50,2.0
ccf960ee-11d7-426a-9313-ce1168be3f5b,1bf5e903-b15a-465e-8926-cfd2fe0bf9f8,4ff22328-d2ed-4776-9059-56a5a44f2448,2025-04-14 19:06:23,2025-04-19 08:26:49,Cancelled,306,Cash,70,2.0
4df899ed-ee00-46ee-9035-595cf0ccc017,23cdb181-8641-49ce-b284-21c29f10a890,365ca42d-a6d2-467a-ba49-02964860e238,2025-04-22 00:22:19,2025-04-10 15:19:21,Pending,641,Cash,10,4.0
5a4068e5-6181-425f-9147-a0e2d467a9f6,c7390d1c-2119-4081-b26c-462a372f4c07,23c74669-654e-4718-addb-b00b046f4daa,2025-04-23 08:09:37,2025-04-20 07:21:12,Delivered,111,UPI,70,1.0
6b96a283-e30b-4a79-973e-f518c7df53d7,16b3faeb-f6fb-48cd-941a-a1893f58817f,f0df7046-cbf7-4c8c-b7f3-5b56875b5b74,2025-04-08 02:50:41,2025-04-15 18:54:16,Pending,337,Credit Card,10,2.0
5324c66b-f7d0-422a-bde6-1002f6db91aa,328d8440-f263-4c23-b352-b475c9a60bf7,25958f36-0417-42e8-8f4b-018b3bb9203d,2025-04-20 20:07:02,2025-04-26 02:27:27,Delivered,327,Credit Card,30,5.0
b7451862-4efb-46b7-8a88-b2f57a6e5912,9653884f-8644-4b1b-9acb-dd05d2905e7b,b56e89e5-ddfc-4a16-8d6d-9245b8145013,2025-04-07 14:57:22,2025-04-22 12:34:00,Pending,520,Credit Card,20,3.0
91ad107a-a618-42f0-b9b1-61895609137d,2acbb82d-a50e-429f-bea2-e9c34a8e764b,831ebe01-bedb-42dc-8c31-062f14acc008,2025-04-01 06:04:54,2025-04-25 05:53:37,Delivered,877,UPI,50,3.0
9c3c29cc-b615-44ce-bdc4-c8fb1e4694df,8c77102d-0e3f-48ec-bdda-871a5e843a12,1d99d4c9-5d8a-480b-92f5-b96d39e91975,2025-04-14 01:17:49,2025-04-05 06:48:45,Cancelled,628,UPI,40,3.0
011d23cf-d308-4dea-8b1d-ee3e6424fb02,bd03a349-09b2-42d5-b8d9-8ac21eec7ac5,8f867747-922c-451a-aa74-c5848f310fab,2025-04-08 09:17:12,2025-04-06 16:13:35,Delivered,742,Cash,30,5.0
b75ee7fd-8c99-4786-8966-f26e63924b89,33c00e4d-f7c0-471d-8a44-7410704a38ea,4c7f5a1e-d40c-4348-ac74-ce12afafb5d6,2025-04-02 10:20:28,2025-04-06 02:51:02,Pending,670,Credit Card,50,5.0
d480a73a-d26d-432d-9d14-1cc80e23e924,46ee58d4-abaa-4db7-95a5-15d089aeaa6f,ac6f81a3-2cc4-48d0-befb-3e7464ca1496,2025-04-20 06:24:50,2025-04-12 06:00:33,Delivered,647,UPI,80,1.0
366345a0-4f24-40e0-aeb9-17d15ff0d55c,b3e33ad5-6871-4f95-b9fc-f2241158bb04,5c1e5e25-f2b7-4a97-aa2f-d772d10242c0,2025-04-25 17:58:29,2025-04-20 02:51:13,Delivered,678,Cash,20,5.0
67245a28-4431-4002-9625-419795ab3943,5105f027-6181-44d9-8ad3-1722f693c041,64c855bc-74c3-4af5-b5ed-fab71de74785,2025-04-07 03:04:29,2025-04-06 13:12:41,Delivered,174,Credit Card,70,1.0
fba23719-08ee-442f-80cc-9ef259503a53,231d2c94-52b7-430f-b181-1c85fa155a5c,78e6cc67-d7ed-4d34-9f8c-e3df93584594,2025-04-24 12:29:31,2025-04-20 20:17:38,Delivered,837,Credit Card,20,2.0
490f5ad5-ef34-4d8e-b5af-9f1b6d2955d4,1e1ddbc1-056c-41f2-ae86-ef856c520d5c,41b7863f-8b04-410b-8633-bfb3ef2b48ab,2025-04-01 12:25:44,2025-04-19 17:27:15,Delivered,450,Cash,50,4.0
474585e8-360c-4e44-a91b-7af2d32b4387,46ee58d4-abaa-4db7-95a5-15d089aeaa6f,32ab090d-4ac7-4bff-a76f-4837c28e00e4,2025-04-10 10:24:34,2025-04-04 16:37:40,Delivered,770,Credit Card,80,2.0
85e84a36-1166-4c29-b6a1-db7f4f60049e,abb1066b-fb51-4b10-9a54-9f56d520a1b1,b1cc9cd8-b701-4a33-a4d7-559abdc3965d,2025-04-20 17:11:32,2025-04-13 22:26:20,Cancelled,658,UPI,40,3.0
65806898-5bcd-4880-9b90-894cc5409d56,ecbfd0d4-c45a-4bf1-ae41-91ec3c390ab5,23c74669-654e-4718-addb-b00b046f4daa,2025-04-16 00:34:05,2025-04-17 13:11:29,Delivered,888,Cash,70,2.0
41a73608-f5a9-45e3-bec0-08ec84a31ffc,788c4020-e116-452f-8cef-5be24f53c4e2,ccfa0a51-b69b-479a-8166-edd445219ccf,2025-04-11 11:32:27,2025-04-07 21:00:40,Cancelled,551,Cash,60,3.0
6da625b6-4495-4ecc-9422-d2f2a2cd4d8f,ce409404-4065-4d81-815e-59d1846529bb,5c1e5e25-f2b7-4a97-aa2f-d772d10242c0,2025-04-15 03:03:15,2025-04-09 12:42:30,Pending,824,Cash,20,2.0
22faa74a-accd-4823-9289-f1d7d791e9d4,c32e74f8-50aa-4c4e-8bd0-ac869ba8faa2,f6b457f5-ea8f-44c5-a939-ae42048e7a11,2025-04-04 22:51:27,2025-04-17 23:54:35,Delivered,340,Credit Card,70,1.0
ad6d7c79-7596-4c7b-8847-d88f63c3bb83,49e6dcac-234c-474f-8591-2bc77610825e,d7ac2c05-1b05-4848-b90b-362db179a56a,2025-04-12 03:55:17,2025-04-19 21:34:22,Pending,657,Credit Card,50,3.0
a4558cf2-13cc-4666-b90b-680f8f800a5b,c7390d1c-2119-4081-b26c-462a372f4c07,c05f39df-a673-4e23-b53a-a7e33f78e1f9,2025-04-24 12:48:00,2025-04-05 07:41:39,Delivered,185,Cash,70,1.0
e0cfd6ea-0bcd-4d9b-8d96-bd0cc96a9639,442fab20-086f-4b65-8c4e-f9ab3d464da6,f0df7046-cbf7-4c8c-b7f3-5b56875b5b74,2025-04-02 02:11:42,2025-04-05 21:57:09,Cancelled,878,Credit Card,70,3.0
fd75c654-397e-46de-a6d0-de90172fd4f9,9943468d-7650-4afb-b02f-4471eea93aa7,b0801f70-e958-40a7-b5bb-2e021f3f6734,2025-04-14 20:36:40,2025-04-22 10:31:35,Pending,727,Credit Card,30,1.0
6a812950-43d2-48c8-b25c-d45e571cdf11,de74112b-3bee-4b8a-9b67-6ca71d3f9ee9,11b411bb-5fb3-40b7-9a41-dc14e86a8ecf,2025-04-18 19:41:08,2025-04-20 16:59:56,Delivered,367,UPI,80,5.0
0dce2930-b4f3-4160-b5a4-47e696db575d,2c9eb9d5-1952-445b-8bda-f3898972e8df,efaf1f9a-1080-4c38-aeaa-1506df2ea55d,2025-04-11 05:47:27,2025-04-07 22:51:05,Pending,587,Credit Card,80,2.0
dd3efb46-ab18-4064-b334-8adfe2934c56,3c9a3589-63ac-428e-9d06-11abd148d951,1a129ef5-8f22-4efe-b5e0-fadeb861001b,2025-04-11 16:38:14,2025-04-12 18:30:25,Delivered,105,Credit Card,30,1.0
6be524dd-b896-46b7-914d-3ccb4330a279,6ddd210f-3a49-420b-bedb-7c96d0b27965,f093342d-f18b-4037-aa5e-684d5d6e81ef,2025-04-01 00:39:39,2025-04-07 10:19:33,Pending,710,Cash,30,2.0
75ab5422-59f3-471d-9c1c-3ab214b38b63,eb396037-e891-4ec2-8891-a328260312b1,c0d3f29f-3d42-4cdc-85e3-97dd80eafb62,2025-04-10 17:41:43,2025-04-10 15:32:00,Pending,581,UPI,60,5.0
0d6a05c9-67b6-4c0f-8b80-ec70a7011478,c0b8672d-7ab6-4d2d-8596-71008990323c,f9abfcb9-c5bb-412d-a947-54ef20bbc04c,2025-04-02 10:08:08,2025-04-12 14:03:45,Pending,118,Cash,50,4.0
769e9188-0532-49b8-9f08-dbcb4e517c34,69ba2c34-cc5b-42e1-825c-05396181f293,3e2ac063-130c-43e1-ba26-60c5818ad819,2025-04-11 18:07:55,2025-04-15 08:25:29,Pending,948,Cash,40,1.0
d1e86c10-407f-4fbc-95aa-fa3d65245c8f,8ed0644e-581a-4d53-95d7-4e148491f64f,06050757-8e54-4013-b415-987f231fb43e,2025-04-03 07:16:18,2025-04-08 04:42:36,Cancelled,961,UPI,70,2.0
fc456c50-e18a-4d79-b828-0c99137a2076,064412fa-68f1-49c3-8141-61bb112f689c,14301518-760a-4187-9352-b9da9424cc17,2025-04-05 06:53:17,2025-04-17 17:34:54,Cancelled,987,Cash,20,2.0
2ec4775f-c3de-4a39-97b9-c2ab2f9fbbd4,51ca9a6d-19eb-491f-93fc-ae3a06f601ab,78e6cc67-d7ed-4d34-9f8c-e3df93584594,2025-04-06 02:16:17,2025-04-05 17:37:58,Delivered,190,UPI,30,4.0
6e5464fb-d79a-48da-b72c-6db7ba9d6ad4,d32f7fba-a208-49f3-9f48-3915c14c858f,e386f647-28ff-41ab-b0ea-5a673626bc93,2025-04-19 12:52:25,2025-04-22 01:55:06,Delivered,757,Credit Card,80,3.0
216a204d-e5e3-4a46-8748-6c008b28f2a8,9666f6af-d570-42b0-8dbc-8e9b0176789b,4510de8d-3c7e-4e73-b9df-213eaaf5e623,2025-04-24 06:25:54,2025-04-02 11:41:00,Cancelled,834,Credit Card,60,4.0
48bdd0ab-bf22-4593-a218-1b3d9fed1300,8adb00a1-a7b5-4ade-aff1-8c0fbfdec64e,2619b6e7-cf99-40b7-97de-ce14a2706a2e,2025-04-05 02:59:14,2025-04-03 03:40:09,Cancelled,819,Cash,20,2.0
e78af733-d7a5-49a0-9896-e67e9e569fbb,ac476e2d-113b-41ba-bfaa-a88a19413995,6699cab3-f565-4f14-beb3-8d64ca7c70a8,2025-04-02 17:15:59,2025-04-08 21:59:16,Delivered,911,Cash,40,2.0
a6181581-7627-4960-99f3-54c9e68455b3,de07d8eb-8f63-43e1-8439-3c0c12d23480,b0ce592c-c3ff-41e0-be1d-de4fbf6836c4,2025-04-12 09:12:14,2025-04-04 21:08:27,Delivered,706,Credit Card,30,3.0
05c4dfbf-b9d4-4c51-91aa-085ba9282f36,8aa47bbe-608f-4397-ad45-2f22c2626709,f56b2b2b-1c43-4e02-98f7-a6fff628f572,2025-04-13 21:39:50,2025-04-08 09:43:18,Pending,974,UPI,70,5.0
5d54c773-4670-4f24-944f-0154034e43ee,9943468d-7650-4afb-b02f-4471eea93aa7,790add92-b633-4f4b-b682-1056692b3b21,2025-04-20 21:02:43,2025-04-18 10:23:14,Delivered,651,UPI,50,5.0
eae7a814-ae3f-4612-928a-12120a19fc60,de74112b-3bee-4b8a-9b67-6ca71d3f9ee9,6a8614b7-e15d-4990-9a7d-5a1ae0f3bc56,2025-04-17 22:23:53,2025-04-25 10:03:57,Cancelled,761,Cash,60,1.0
17109ab4-7340-41c4-85e3-1563593dc72e,4b1a3f40-2dec-413e-9c8b-925815087843,a26f0b6f-e123-447b-ad66-7af1ee8167f9,2025-04-09 00:27:58,2025-04-09 08:40:34,Delivered,994,Cash,30,4.0
35f3f564-1614-4784-9431-f0f90283385a,c52af73b-d6ff-4857-9ca6-bd1df2fe0514,05053fc2-cd7a-491e-8b62-e07087fae5d1,2025-04-10 08:53:30,2025-04-04 00:31:27,Delivered,213,Cash,60,3.0
58a3150f-21d2-4762-b1d2-3ed876e6d2df,98a13275-5946-4764-9f5a-b77b530785b7,cb8040a3-71be-48e7-b900-5eb5e85e9618,2025-04-22 15:17:29,2025-04-13 11:22:34,Pending,333,UPI,80,5.0
b7b3027d-dce0-41bd-888d-36be8b00affb,e5ed3889-3443-495d-9356-59d95186db6f,6631df16-df20-45d7-91ed-edcbf3c43bc2,2025-04-05 20:12:40,2025-04-19 03:27:23,Pending,162,Cash,10,1.0
38b92652-9a95-419e-892d-b3ce3743585e,ca527c3a-7e56-45ee-9d69-a08f58bee1b9,217dca3f-9f0c-4d69-af14-189d55eddbfc,2025-04-14 08:08:32,2025-04-24 17:38:50,Cancelled,247,Cash,10,2.0
b538c529-dd0e-4b55-a917-3e89a9a49215,d8b86c5a-9c8a-4215-befd-173a04b58dc8,f093342d-f18b-4037-aa5e-684d5d6e81ef,2025-04-06 12:54:39,2025-04-07 07:34:00,Cancelled,726,UPI,30,3.0
